name,location,price (in lacs),area (in sqft),bhk,starred
navganesh eden,kolathur,72.04,1181,3,0.0
shree varu homes gruham,"vadapalani,  south",159.0,1328,3,0.0
prince courtyard,egmore,443.0,2110,3,0.0
s and p the address,"mambakkam, vandalur kelambakkam road",220.00000000000003,1500,3,0.0
"mkb nagar, vyasarpadi, chennai, chennai north","mkb nagar, vyasarpadi",175.0,1600,4,0.0
golden opulence,poonamallee,99.0,1490,3,4.2
"royal homes, ragavendra colony",urapakkam west,45.0,979,2,0.0
panayur,ganallur,150.0,2250,3,0.0
ms seneerkuppam,poonamallee,46.0,850,2,0.0
"choolai, chennai, chennai central",choolai,275.0,1248,4,0.0
srinivasa flats,"rv nagar, kodungaiyur",55.0,850,2,0.0
shrusti vedanshi,velachery,160.0,975,2,0.0
arsan homes,rajakilpakkam,65.0,985,2,0.0
priyam,"maya nagar stage 2 extension, sri iyappa nagar",245.00000000000003,2700,4,0.0
"mannivakkam, chennai, chennai south",mannivakkam,185.0,2400,3,0.0
"palm revira,",thirumudivakkam,118.0,1913,4,0.0
palm riveria,thirumudivakkam,42.0,900,1,0.0
casa grand smart town,"thalambur, omr",46.0,570,1,0.0
not exactly apartment.,pallikaranai,95.0,1770,2,0.0
jains advaya,kovur,82.0,1279,3,0.0
kattupakkam,"chendurpuram, kattupakkam",75.0,1377,3,0.0
vijay shanthi lotus pond,kelambakkam,45.0,1147,3,3.6
sbioa unity enclave,"mambakkam, vandalur kelambakkam road",89.0,1529,3,0.0
arun excello sankara,"mambakkam, vandalur kelambakkam road
·
rera",54.0,615,2,0.0
plaza serene acres,"ayaganagar, thoraipakkam",120.0,1496,3,0.0
radiance shine,"kazhipattur, omr",75.0,1298,3,3.8
snd sai swaraj,pallikaranai,105.0,1400,3,0.0
"sri sai nagar, thoraipakkam, chennai south","sri sai nagar, thoraipakkam",101.0,858,3,0.0
ssm nagar housing complex,"new perungalathur, perungalathur",60.0,1021,2,0.0
sai mithra apartments,rajakilpakkam,142.0,1734,3,0.0
radiance sapphire,"ganallur, 
·
rera",139.0,1346,3,0.0
"ansary flats,","natesan nagar, virugambakkam, arcot road",110.00000000000001,1030,3,0.0
"perumbakkam, chennai, chennai south",perumbakkam,270.0,1500,5,0.0
engineers richmond court,sembakkam,58.0,950,2,0.0
"rayan homes, nanmangalam",kovilambakkam,32.5,540,1,0.0
"chepauk, triplicane, chennai, chennai central","chepauk, triplicane",104.0,832,2,0.0
"senneer kuppam, chennai, chennai west",senneer kuppam,274.0,2736,2,0.0
dac manapark,manapakkam,110.00000000000001,1405,2,0.0
suraj enclave,"ayyappa nagar, sadasivam nagar, sembakkam",70.0,1200,3,0.0
aurum villas,padur,324.0,3240,5,0.0
raghav ram nivas,nanmangalam,60.0,980,2,0.0
agni balaraga,"ambattur, 
·
rera",70.0,1038,2,0.0
"valasaravakkam, chennai, chennai west",valasaravakkam,250.0,1085,3,0.0
nest spectra,ganallur,38.0,565,1,0.0
on request,"agaramthen, vandalur kelambakkam road",33.3,665,2,0.0
jains advaya,kovur,80.0,1184,3,0.0
on request,madipakkam,101.0,1350,3,0.0
ramaniyam magnum,"taramani, omr
·
rera",295.0,2294,3,0.0
snd sai swaraj,velachery,105.0,1400,3,0.0
heritage venkateshwara nagar,"karambakkam, porur",265.0,1789,3,0.0
arun excello town house,oragadam,89.0,1005,3,0.0
xs real catalunya city,"siruseri, 
·
rera",84.99,1411,3,0.0
jayam gangailakshmi homes,ivasa nagar new perungalathur,69.0,1350,3,0.0
malles akankssha,"perumbakkam, 
·
rera",70.0,978,2,0.0
urban tree trinity garden society,thoraipakkam,60.0,1050,2,0.0
casagrand athens,mogappair,90.0,613,2,0.0
snd sai swaraj,pallikaranai,101.0,1350,3,0.0
altis oceanique,ecr,170.0,1633,3,0.0
vasantham apartment,perambur,65.0,851,2,0.0
baashyaam the plutus residence,"dira nagar , adyar",500.0,1930,3,0.0
rohinimap apartment,"veerabhadra nagar, medavakkam",95.0,1431,3,0.0
casagrand woodside,"manapakkam, 
·
rera",110.00000000000001,1208,2,0.0
thirumaaligais kailash,pallikaranai,105.0,1436,3,0.0
golden opulence,poonamallee,45.0,709,2,4.2
"mudichur, chennai, chennai south",mudichur,265.0,5300,9,0.0
viva city,arungal,20.0,426,1,0.0
snd sai swaraj,velachery,101.0,1350,3,0.0
"kovur, chennai, chennai west",kovur,307.0,3600,6,0.0
kg signature,maduravoyal,200.0,2520,4,0.0
shree varu homes gruham,"alagiri nagar, gst road",151.0,1260,3,0.0
green apple flats,"ags colony, velachery",85.0,874,2,0.0
"ashok nagar, west jafferkhanpet, gst road, chennai south","ashok nagar, west jafferkhanpet, gst road",105.0,1004,3,0.0
babu flats,"rose nagar, kovilambakkam",95.17,1236,3,0.0
"nemilichery, chromepet, chennai south","nemilichery, chromepet",180.0,1690,5,0.0
apartment,"kathirvedu, puzhal",80.0,870,2,0.0
jbm mudra,perungudi,90.0,1097,2,0.0
"besant nagar, chennai, chennai south",besant nagar,318.0,1478,3,0.0
"ponmar, chennai, chennai south",ponmar,65.0,1800,3,0.0
revathy anush apartment,pammal,48.0,760,2,0.0
partha enclave,porur,79.95,967,2,0.0
partha enclave,kattupakkam,79.64,963,2,0.0
lake side apartments,surapet,62.0,1020,2,0.0
babu enclave,nanmangalam,98.4,1248,3,0.0
somu residency,"rose nagar, kovilambakkam",103.0,1218,3,0.0
rahul shrikrupa,"vijayalakshmi puram, ambattur",40.0,700,2,0.0
apartment,"saligramam, arcot road",99.0,1038,2,0.0
lakshmi apartment,"karthikeyapuram, madipakkam",95.0,1331,3,0.0
annai ninaivu nagar kathirvedu,"kathirvedu, puzhal",53.0,867,2,0.0
cc sri ranga apartments,east tambaram,58.0,902,2,0.0
snd sai swaraj,velachery,120.0,1400,3,0.0
archana flats,kovur,65.0,924,2,0.0
on request,"agaramthen, vandalur kelambakkam road",33.2,664,2,0.0
prabha homes blissful,"puzhuthivakkam, madipakkam",98.56,904,2,0.0
prabha homes blissful,"puzhuthivakkam, madipakkam",88.03,877,2,0.0
saideep apartment,thoraipakkam,71.0,1273,3,0.0
adhith residency,kovilambakkam,93.79,1218,3,0.0
adhith enclave,"veeramani nagar, kovilambakkam",89.17,1158,3,0.0
blossom apartment,keelkattalai,58.0,826,2,0.0
"sowcarpet, george town, chennai, chennai central","sowcarpet, george town",150.0,1478,2,0.0
"sai mukesh keerthi,brand new",iyyappanthangal,58.5,954,2,0.0
on request,"agaramthen, vandalur kelambakkam road",35.0,701,2,0.0
babu flats,"rose nagar, kovilambakkam",94.7,1160,3,0.0
vinayaga flats,ambattur,45.0,1020,2,0.0
adhithya residency,kovilambakkam,93.79,1218,3,0.0
adhith residency,"veeramani nagar, kovilambakkam",105.0,1236,3,0.0
udhayam saimugil,chitlapakkam,125.0,1647,3,0.0
"gerugambakkam, chennai, chennai west",gerugambakkam,109.00000000000001,900,3,0.0
babu residency,"veeramani nagar, kovilambakkam",91.57,1159,3,0.0
"thalambur, omr, chennai south","thalambur, omr",107.0,1500,3,0.0
prabha homes blissful,"puzhuthivakkam, madipakkam",80.69,828,2,0.0
prabha homes,"puzhuthivakkam, madipakkam",84.91,877,2,0.0
jeeva avenue,sithalapakkam,145.0,1045,3,0.0
casagrand northern star,"madhavaram, 
·
rera",130.0,1126,2,0.0
shri sai garden,perumbakkam,155.0,1800,4,0.0
new flat,ambattur,62.89,904,2,0.0
prabha homes suceela,"puzhuthivakkam, madipakkam",86.19,806,2,0.0
"grand adore,new",madipakkam,122.0,1475,3,0.0
"muekesh flat,new",iyyappanthangal,56.49,955,2,0.0
"svf majestic flats,ambattur chennai north",ambattur,55.0,1026,3,0.0
"r foundation,poonamallee,chennai",poonamallee,48.19,790,2,0.0
aristo elegance by r foundation,poonamallee,56.36,924,2,0.0
"g m adore,new flat",madipakkam,72.88,878,2,0.0
sri rathis luxury,"kolathur, 
·
rera",81.0,675,2,0.0
"vijay shanthi apartment, west mamabalam","postal colony, west mambalam",43.0,530,1,0.0
"mukesh keerthi flat,new",poonamallee,66.5,1162,3,0.0
new flat,ambattur,61.35,905,2,0.0
"mukesh keerthi homes ,new",kattupakkam,57.0,957,2,0.0
babu flats,"rose nagar, kovilambakkam",93.85,1215,3,0.0
babu residency,nanmangalam,94.16,1159,3,0.0
babu residency,kovilambakkam,94.0,1239,3,0.0
babu flats,kovilambakkam,96.56,1260,3,0.0
babu flats,kovilambakkam,93.65,1165,3,0.0
prabha homes blissful,"puzhuthivakkam, madipakkam",85.33,828,2,0.0
on request,kattupakkam,47.69,548,1,0.0
392 lig flats,ganallur,27.0,583,1,0.0
ayana 95,ayanambakkam,103.0,1238,3,0.0
dra d elite,"ganallur, 
·
rera",100.0,1058,2,3.4
vgn southern avenue,"potheri, kattankulathur",62.0,1229,3,3.8
"grand adore, new flat",madipakkam,112.00000000000001,1344,3,0.0
coralbay,thiruvanmiyur,490.00000000000006,2598,4,0.0
alankar horizon,selaiyur,110.00000000000001,1730,3,0.0
alankar horizon,medavakkam,108.0,1600,3,0.0
agaram then,"agaramthen, vandalur kelambakkam road",119.0,1163,3,0.0
alankar horizon,selaiyur,108.0,1600,3,0.0
partha enclave,kattupakkam,47.65,548,1,0.0
new flat,ayyapakkam,59.0,1071,2,0.0
new flat,ayyapakkam,59.0,1070,2,0.0
new flat,ayyapakkam,58.82,1074,2,0.0
new flat,ayyapakkam,58.85,1072,2,0.0
new flat,ayyapakkam,53.95,931,2,0.0
new flat,ayanambakkam,56.2,969,2,0.0
new flat,ayyapakkam,58.0,1000,2,0.0
new flat,ayanambakkam,83.51,1440,3,0.0
babu residency,"rose nagar, kovilambakkam",95.17,1236,3,0.0
on request,anna nagar west,280.0,1471,3,0.0
cj flats,old pallavaram,98.5,1473,3,0.0
ayana 95,ayanambakkam,58.0,632,1,0.0
navins hillview avenue,thirumudivakkam,100.0,1472,3,3.7
purva somerset house,"dy,  south
·
rera",325.0,1968,3,3.4
on request,"dy,  south",409.99999999999994,1894,3,0.0
"sai mukesh ,new flat",iyyappanthangal,58.5,959,2,0.0
"sai mukesh flat,new",iyyappanthangal,69.95,1181,3,0.0
"mugesh enclave,new flat",iyyappanthangal,59.0,957,2,0.0
adore new flat,madipakkam,122.0,1475,3,0.0
"sai phaadham ,new flat",poonamallee,69.9,996,2,0.0
"mukesh krrthi homes,new",iyyappanthangal,69.95,1187,3,0.0
lakshmi nivas,madambakkam,77.92,1163,3,0.0
alankar horizon,tambaram,108.0,1560,3,0.0
"r foundation,chennai",poonamallee,48.8,800,2,0.0
alankar horizon,tambaram,73.46,1150,2,0.0
adhith enclave,nanmangalam,90.0,1158,3,0.0
"gerugambakkam, chennai, chennai west",gerugambakkam,114.99999999999999,800,3,0.0
shree varu homes gruham,"alagiri nagar, gst road",152.0,1260,3,0.0
new flat,ayanambakkam,56.11,968,2,0.0
rental income house,iyyappanthangal,114.99999999999999,800,5,0.0
alankar horizon,rajakilpakkam,73.46,1150,2,0.0
on request,perambur,126.0,1396,3,0.0
on request,perambur,120.0,1338,3,0.0
happy homes,"kallikuppam, ambattur",86.11,1327,3,0.0
ayana 95,ayanambakkam,110.00000000000001,1143,2,0.0
purva somerset house,"dy,  south
·
rera",409.99999999999994,1968,3,3.4
new flat,ayanambakkam,83.49,1440,3,0.0
srb ruby homes,perambur,80.0,1076,3,0.0
prabha homes blissful,madipakkam,118.0,1187,3,0.0
prabha homes blissful,"puzhuthivakkam, madipakkam",82.48,848,2,0.0
on request,chromepet,96.01,910,2,0.0
prem enclave,valasaravakkam,83.5,880,2,0.0
vriddhi,t nagar,463.0,2174,3,0.0
babu flats,nanmangalam,95.7,1236,3,0.0
navins hanging gardens,"valasaravakkam, 
·
rera",187.0,1464,3,3.8
lakshmi nivas,madambakkam,69.48,1037,2,0.0
"west mambalam, chennai, chennai south",west mambalam,450.0,2153,3,0.0
akshaya level up,nungambakkam,465.00000000000006,2061,3,0.0
jayam sri sai garden hill view,"perumbakkam, 
·
rera",87.0,900,2,0.0
sri sai swarna bhoomi,"thalambur, omr",85.63,1000,2,0.0
vgk summer garden,"vengaivasal, medavakkam
·
rera",68.0,1052,2,0.0
"kovur, chennai, chennai west",kovur,96.0,800,3,0.0
rainbow chetna,"perambur, 
·
rera",90.0,1040,2,0.0
rainbow chetna,"perambur, 
·
rera",121.0,1338,3,0.0
navins hanging gardens,"valasaravakkam, 
·
rera",215.0,1513,3,3.8
navins hanging gardens,"valasaravakkam, 
·
rera",155.0,1012,2,3.8
happy homes,"kallikuppam, ambattur",74.41,1155,3,0.0
happy homes,"kallikuppam, ambattur",74.41,1151,3,0.0
on request,"agaramthen, vandalur kelambakkam road",35.0,700,2,0.0
brigade xanadu,"mogappair, 
·
rera",69.0,682,1,4.0
new flat,ayyapakkam,56.87,875,2,0.0
new flat,"kathirvedu, puzhal",58.0,861,2,0.0
srb builders,"sankarapuram, sithalapakkam",56.59,986,2,0.0
srb builders,sithalapakkam,54.33,953,2,0.0
"gerugambakkam, chennai, chennai west",gerugambakkam,110.00000000000001,900,3,0.0
appaswamy altezza,"perungudi, 
·
rera",330.0,1836,3,4.2
"vengambakkam, chennai, chennai south",vengambakkam,125.0,1034,4,0.0
"gerugambakkam, chennai, chennai west",gerugambakkam,130.0,950,3,0.0
dra d elite,"ganallur, 
·
rera",106.0,1058,2,3.4
dharman's divine,"sankarapuram, sithalapakkam",57.89,1045,2,0.0
new flats,kolathur,85.0,1203,3,0.0
new flat,ayanambakkam,53.94,931,2,0.0
new flat,ambattur,61.37,884,2,0.0
kurinji villa,gerugambakkam,112.99999999999999,900,3,0.0
coralbay,thiruvanmiyur,286.0,1525,3,0.0
ayana 95,ayanambakkam,90.0,1022,2,0.0
urbanrise codename new porur,"thirumazhisai, 
·
rera",45.0,633,1,3.8
hi living seranity,madhavaram,76.0,1022,2,0.0
new flat,ayanambakkam,59.0,1071,2,0.0
cj flats,pallavaram,68.0,1008,2,0.0
"gerugambakkam, chennai, chennai west",gerugambakkam,130.0,900,3,0.0
"kovur, chennai, chennai west",kovur,95.0,800,3,0.0
"sikkarayapuram, chennai, chennai west",sikkarayapuram,138.0,800,3,0.0
"r foundation,poonamallee",poonamallee,49.99,825,2,0.0
new flat,ambattur,58.99,1070,2,0.0
on request,"agaramthen, vandalur kelambakkam road",31.7,634,2,0.0
"svf majestic flat,ambattur,chennai north",ambattur,55.0,1026,3,0.0
ramkhar homes's orchid,kolathur,78.68,1049,2,0.0
lancor infinys,"keelkattalai, 
·
rera",96.89,1020,2,0.0
on request,"ayagapuram,  south",41.66,682,2,0.0
navins hanging gardens,"valasaravakkam, 
·
rera",135.0,1005,2,3.8
navins hanging gardens,"valasaravakkam, 
·
rera",187.0,1465,3,3.8
navins hanging gardens,"valasaravakkam, 
·
rera",134.0,1012,2,3.8
new flat,"kallikuppam, ambattur",61.15,882,2,0.0
new flat,ambattur,61.0,882,2,0.0
new flat,ambattur,62.85,904,2,0.0
new flat,ambattur,62.89,906,2,0.0
new flat,"kallikuppam, ambattur",61.35,881,2,0.0
e residences,"nungambakkam, 
·
rera",175.0,600,1,4.0
"gerugambakkam, chennai, chennai west",gerugambakkam,99.0,800,3,0.0
"gerugambakkam, chennai, chennai west",gerugambakkam,165.0,922,3,0.0
sri smiley house,perambur,95.0,1302,3,0.0
"kovur, chennai, chennai west",kovur,94.95,770,3,0.0
lucky flats,"mangala nagar, porur",72.0,825,2,0.0
new flat,kolathur,50.02,790,2,0.0
"kovur, chennai, chennai west",kovur,120.0,930,3,0.0
babu enclave,"rose nagar, kovilambakkam",98.02,1236,3,0.0
babu flats,kovilambakkam,97.56,1260,3,0.0
babu flats,"rose nagar, kovilambakkam",95.7,1165,3,0.0
viji flats,"rose nagar, kovilambakkam",90.23,1222,3,0.0
babu flats,"rose nagar, kovilambakkam",84.53,1161,3,0.0
babu flats,"veeramani nagar, kovilambakkam",90.2,1160,3,0.0
somu residency,"rose nagar, kovilambakkam",96.72,1223,3,0.0
sri sai resident,perumbakkam,97.6,920,3,0.0
"guduvancheri, chennai, chennai south",guduvancheri,94.5,960,3,0.0
"guduvancheri, chennai, chennai south",guduvancheri,94.0,1200,3,0.0
"guduvancheri, chennai, chennai south",guduvancheri,82.5,1000,3,0.0
"guduvancheri, chennai, chennai south",guduvancheri,83.0,1001,3,0.0
"kovur, chennai, chennai west",kovur,138.0,801,3,0.0
"guduvancheri, chennai, chennai south",guduvancheri,120.0,1200,3,0.0
"gerugambakkam, chennai, chennai west",gerugambakkam,130.0,1000,3,0.0
on request,chromepet,96.0,908,2,0.0
udhayam saimugil,chitlapakkam,125.0,1618,3,0.0
udhayam saimugil,chitlapakkam,125.0,1648,3,0.0
on request,chromepet,96.0,910,2,0.0
"home royals,new","kamakoti nagar, valasaravakkam",98.0,1206,3,0.0
new flat,"vanasakthi nagar, kolathur",69.0,999,3,0.0
"mugesh keerthi homes,new",iyyappanthangal,69.95,1184,3,0.0
r foundation,poonamallee,47.09,772,2,0.0
jayam sri sai garden hill view,"perumbakkam, 
·
rera",98.5,950,3,0.0
on request,kolathur,85.7,1026,3,0.0
sri rathis luxury,"kolathur, 
·
rera",81.0,722,2,0.0
babu residency,"rose nagar, kovilambakkam",91.0,1219,3,0.0
babu residency,"veeramani nagar, kovilambakkam",92.5,1236,3,0.0
viji residency,"rose nagar, kovilambakkam",98.79,1218,3,0.0
babu residency,"s kolathur, kovilambakkam",98.0,1158,3,0.0
new flat,kolathur,81.61,1201,3,0.0
new flat,"kallikuppam, ambattur",61.12,881,2,0.0
new flat,"kallikuppam, ambattur",61.36,883,2,0.0
livehomes,tambaram,75.41,888,2,0.0
ramkhar homes's crescent,"virugambakkam, arcot road",118.0,1124,2,0.0
madhuri nagar,gerugambakkam,120.0,970,3,0.0
casagrand pavilion,"thalambur, omr",79.5,900,2,3.8
scc homes,madambakkam,60.02,967,2,0.0
scc homes,"semmancheri, omr",76.84,1188,2,0.0
scc homes,"semmancheri, omr",75.21,1162,2,0.0
scc homes,madipakkam,128.0,1418,3,0.0
vinayagaburam,kolathur,50.09,796,2,0.0
alankar horizon,medavakkam,83.17,1250,2,0.0
alankar horizon,"camp road, selaiyur",108.0,1600,3,0.0
alankar horizon,"camp road, selaiyur",83.17,1250,2,0.0
alankar horzion,east tambaram,86.63,1300,2,0.0
on request,medavakkam,76.52,1250,2,0.0
"perumbakkam, chennai, chennai south",perumbakkam,96.5,900,3,0.0
sai thulasi,ayanambakkam,56.2,969,2,0.0
prestige bella vista,porur,140.0,1505,2,4.3
new flat,ayanambakkam,56.21,968,2,0.0
new flat,ayanambakkam,57.95,1001,2,0.0
new flat,ayyapakkam,58.0,1001,2,0.0
new flat,ayyapakkam,53.92,932,2,0.0
new flat,ayyapakkam,83.58,1441,3,0.0
new flat,ayanambakkam,56.0,968,2,0.0
new flat,ayyapakkam,53.89,931,2,0.0
new flat,ayanambakkam,53.9,930,2,0.0
new flat,ayanambakkam,82.69,1425,3,0.0
aparment,"kallikuppam, ambattur",74.41,1145,3,0.0
kishore flats,rajakilpakkam,79.73,1190,2,0.0
kishore flats,rajakilpakkam,73.36,1095,2,0.0
kishore flats,rajakilpakkam,81.07,1210,2,0.0
kishore flats,rajakilpakkam,72.69,1085,2,0.0
vishnu palmera garden,rajakilpakkam,76.67,983,2,0.0
vishnu elinor flats,sembakkam,77.61,995,2,0.0
vishnu aravind villas,vengambakkam,120.0,1866,4,0.0
vishnu shivanya villas,"agaramthen, vandalur kelambakkam road",250.0,2900,4,0.0
vishnu shivanya villas,vengambakkam,270.0,3376,4,0.0
vishnu shivanya villas,"mappedu, selaiyur",250.0,2900,4,0.0
vishnu sky towers,madambakkam,68.95,985,2,0.0
"kolathur, chennai, chennai north",kolathur,135.0,930,3,0.0
new flat,iyyappanthangal,67.0,957,2,0.0
new flat,iyyappanthangal,79.95,1181,3,0.0
keerthi homes,iyyappanthangal,67.5,957,2,0.0
sai keerthi,iyyappanthangal,78.0,1189,3,0.0
keerthi homes,iyyappanthangal,67.2,950,2,0.0
aruna flats,"apuram,  south",88.7,1232,3,0.0
keerthi homes,iyyappanthangal,67.25,957,2,0.0
keerthi homes,iyyappanthangal,67.15,950,2,0.0
arshiya,kattupakkam,99.5,1411,3,0.0
sai keerthi,iyyappanthangal,67.7,970,2,0.0
new flat,kolathur,50.0,798,2,0.0
vinayagaburam,kolathur,50.0,796,2,0.0
happy homes,"kallikuppam, ambattur",74.41,1150,3,0.0
navganesh eminent,"veeraragahavalu nagar, lakshmipuram",55.69,884,2,0.0
happy homes,ambattur,59.49,860,2,0.0
happy homes,"kallikuppam, ambattur",74.41,1149,3,0.0
happy homes,"kallikuppam, ambattur",59.49,858,2,0.0
jayam sri sai garden hill view,"perumbakkam, 
·
rera",95.0,1000,3,0.0
"guduvancheri, chennai, chennai south",guduvancheri,95.0,1200,3,0.0
"guduvancheri, chennai, chennai south",guduvancheri,55.0,1005,2,0.0
urbanrise codename new porur,"thirumazhisai, 
·
rera",72.0,1065,3,3.8
brigade xanadu,"mogappair, 
·
rera",135.0,1062,2,4.0
brigade xanadu,"mogappair, 
·
rera",64.5,682,1,4.0
sidharth crown,"madhavaram, 
·
rera",75.0,974,2,0.0
"perungalathur, chennai, chennai south",perungalathur,134.0,1112,3,0.0
ayana 95,ayanambakkam,96.0,1057,2,0.0
rainbow chetna,"perambur, 
·
rera",96.0,1040,2,0.0
unity kingdom,medavakkam,83.0,1111,2,0.0
vgk sri sai enclave,"west tambaram,  south",55.0,917,2,0.0
vgk unity kingdom,"medavakkam, 
·
rera",84.0,982,2,0.0
shriram park 63,"perungalathur, 
·
rera",140.0,1390,3,3.8
grand adore new,madipakkam,111.00000000000001,1344,3,0.0
on request,thirumazhisai,69.1,1065,3,0.0
on request,thirumazhisai,67.41,1036,2,0.0
"sai phaadham, new flat",poonamallee,103.0,1476,3,0.0
mukesh keerthi homes,poonamallee,68.49,1161,3,0.0
on request,madhavaram,112.00000000000001,1457,3,0.0
on request,madhavaram,76.23,1089,2,0.0
new flats,kolathur,85.0,1206,3,0.0
babu flats,kovilambakkam,84.53,1160,3,0.0
"kundrathur, chennai, chennai south",kundrathur,110.00000000000001,1200,2,0.0
livehomes,west mambalam,134.0,900,2,0.0
rhea apartments,guduvancheri,53.71,938,2,0.0
adhithya enclave,kovilambakkam,91.5,1160,3,0.0
c c homes,nanganallur,152.0,1270,3,0.0
"kundrathur, chennai, chennai south",kundrathur,110.00000000000001,1100,2,0.0
vgk unity kingdom,"medavakkam, 
·
rera",91.0,1268,3,0.0
new flat,ayappakkam,53.91,931,2,0.0
new flat,ambattur,83.5,1441,3,0.0
scc homes,thiruvanmiyur,172.0,1136,2,0.0
sri smiley house,perambur,95.0,1304,3,0.0
"royal homes,new flat","anbu nagar, valasaravakkam",98.0,1205,3,0.0
livehomes,pallikaranai,61.73,870,2,0.0
new flat,ayanambakkam,58.89,1072,2,0.0
purva somerset house,"dy,  south
·
rera",360.0,1968,3,3.4
purva somerset house,"dy,  south
·
rera",375.0,1968,3,3.4
purva somerset house,"dy,  south
·
rera",447.0,3501,4,3.4
sidharth crown,"madhavaram, 
·
rera",112.00000000000001,1457,3,0.0
rainbow chetna,"perambur, 
·
rera",128.0,1338,3,0.0
vgk summer garden,"vengaivasal, medavakkam
·
rera",81.53,1315,2,0.0
pacifica aurum,"padur, 
·
rera",75.0,1361,2,3.8
vriddhi,t nagar,395.0,1841,3,0.0
navins hanging gardens,"valasaravakkam, 
·
rera",160.0,974,2,3.8
vinayagaburam,kolathur,43.1,706,2,0.0
vinayagaburam,kolathur,41.6,682,2,0.0
navganesh eden,"ayagapuram, ambattur",71.98,1180,3,0.0
vgk summer garden,"vengaivasal, medavakkam
·
rera",69.0,1052,2,0.0
vgk unity kingdom,"medavakkam, 
·
rera",84.75,1315,2,0.0
vgk sri sai enclave,"west tambaram,  south",61.0,962,2,0.0
apartment,"banu nagar, ambattur",60.44,930,2,0.0
dhanalakshmi flats,kolapakkam,72.0,1060,2,0.0
lakshya,perungudi,81.25,934,2,0.0
brigade xanadu,"mogappair, 
·
rera",64.0,682,1,4.0
jains archway,kilpauk,380.0,2234,3,0.0
"dheena enclave,new",vanagaram,290.0,1200,5,0.0
on request,kilpauk,380.0,2234,3,0.0
on request,kilpauk,380.0,2236,3,0.0
sai keerthi,iyyappanthangal,67.0,957,2,0.0
vgk unity kingdom,"medavakkam, 
·
rera",80.91,1245,3,0.0
vgk unity kingdom,"medavakkam, 
·
rera",61.55,947,2,0.0
vgk summer garden,"vengaivasal, medavakkam
·
rera",63.73,1028,2,0.0
apartment in guduvancherry,guduvancheri,70.0,936,2,0.0
hi living evita,madhavaram,130.0,1738,3,0.0
hi living evita,madhavaram,105.0,1392,3,0.0
on request,t nagar,476.0,2135,3,0.0
"red hills, chennai, chennai north",red hills,49.96,1000,2,0.0
new flat,iyyappanthangal,80.0,1186,3,0.0
srb builders,"sankarapuram, sithalapakkam",50.56,887,2,0.0
srb builders,"sankarapuram, sithalapakkam",54.4,953,2,0.0
darman's divine,"sankarapuram, sithalapakkam",57.43,1045,2,0.0
"guduvancheri, chennai, chennai south",guduvancheri,57.95,1200,2,0.0
on request,guduvancheri,53.71,938,2,0.0
dharman's divine,"sankarapuram, sithalapakkam",57.5,1045,2,0.0
"guduvancheri, chennai, chennai south",guduvancheri,59.9,1155,2,0.0
"guduvancheri, chennai, chennai south",guduvancheri,55.5,1010,2,0.0
lakshya,perungudi,80.82,929,2,0.0
keerthi homes,iyyappanthangal,78.25,1186,3,0.0
keerthi homes,iyyappanthangal,67.5,950,2,0.0
seagull,"puzhuthivakkam, madipakkam",127.0,1418,3,0.0
"srk flat,new",thirumullaivoyal,65.0,986,3,0.0
"perumbakkam, chennai, chennai south",perumbakkam,97.5,900,3,0.0
sidharth crown,"madhavaram, 
·
rera",112.00000000000001,1454,3,0.0
new flat,ayanambakkam,82.71,1426,3,0.0
brigade xanadu,"mogappair, 
·
rera",60.0,682,1,4.0
purva somerset house,"dy,  south
·
rera",350.0,1890,3,3.4
purva somerset house,"dy,  south
·
rera",440.00000000000006,2475,4,3.4
purva somerset house,"dy,  south
·
rera",303.0,2475,4,3.4
hiliving royal evita,madhavaram,100.0,1392,3,0.0
hiliving royal evita,madhavaram,75.0,962,2,0.0
anry homes,"radha avenue, valasaravakkam",85.52,983,2,0.0
sai keerthi,iyyappanthangal,67.0,953,2,0.0
sai keerthi,iyyappanthangal,67.15,958,2,0.0
sai keerthi,iyyappanthangal,77.97,1186,3,0.0
pacifica pride towers,"padur, 
·
rera",85.0,1358,2,3.7
on request,t nagar,476.0,2133,3,0.0
alankar horizon,selaiyur,73.46,1150,2,0.0
"keerthi mukesh flat, new",poonamallee,56.0,953,2,0.0
scc homes,velachery,105.0,1133,3,0.0
scc homes,"vadakkupattu, medavakkam",65.1,986,2,0.0
scc homes,"vadakkupattu, medavakkam",65.68,995,2,0.0
scc homes,nanmangalam,82.93,1245,3,0.0
homes royales,"majestic colony, valasaravakkam",79.9,971,2,0.0
sai keerthi,kattupakkam,79.0,1139,3,0.0
on request,madhavaram,77.18,1043,2,0.0
adhithya residency,kovilambakkam,89.13,1221,3,0.0
vishnu shivanya villas,"mappedu, selaiyur",270.0,3376,4,0.0
vishnu aravind villas,"mappedu, selaiyur",140.0,2166,4,0.0
"guduvancheri, chennai, chennai south",guduvancheri,89.0,900,4,0.0
vgk unity kingdom,"medavakkam, 
·
rera",94.72,1268,3,0.0
new flat,ambattur,83.5,1440,3,0.0
new flat,ambattur,58.91,1071,2,0.0
purva somerset house,"dy,  south
·
rera",350.0,1968,3,3.4
vgk unity kingdom,"medavakkam, 
·
rera",96.0,1245,3,0.0
new flat,ayappakkam,82.72,1425,3,0.0
sri smiley house,perambur,75.0,757,2,0.0
scc homes,"virugambakkam, arcot road",111.00000000000001,1025,2,0.0
scc homes,"virugambakkam, arcot road",177.0,1456,3,0.0
ozone the metrozone,anna nagar,260.0,2062,3,0.0
spr highliving district,"perambur, 
·
rera",126.0,1166,2,0.0
new flat,kolathur,41.65,685,2,0.0
spr highliving district,"perambur, 
·
rera",357.0,2596,4,0.0
casagrand pavilion,"thalambur, omr",86.5,900,2,3.8
shri sai garden,perumbakkam,89.0,1200,2,0.0
ramkhar homes's subha graha,"virugambakkam, arcot road",94.08,980,2,0.0
on request,guduvancheri,40.88,806,2,0.0
on request,guduvancheri,29.76,536,1,0.0
on request,guduvancheri,40.0,925,2,0.0
on request,guduvancheri,43.0,960,2,0.0
"perumanttunallur, chennai, chennai south",perumanttunallur,83.0,1005,3,0.0
ramkhar homes's orchid,kolathur,78.6,1048,2,0.0
ayana 95,ayanambakkam,59.0,501,1,0.0
vgk summer garden,"vengaivasal, medavakkam
·
rera",83.13,1341,3,0.0
"mukesh flat,new",poonamallee,32.8,560,1,0.0
"kozhumanivakkam, mangadu, chennai west","kozhumanivakkam, mangadu",67.0,740,2,0.0
"mangadu, chennai, chennai west",mangadu,77.0,941,2,0.0
"mangadu, chennai, chennai west",mangadu,72.0,800,2,0.0
"mangadu, chennai, chennai west",mangadu,78.0,700,3,0.0
"mangadu, chennai, chennai west",mangadu,90.0,1100,2,0.0
hiliving serenity,"madhavaram, 
·
rera",110.00000000000001,1300,3,0.0
on request mandavelipakkam new flat,mandavelipakkam,375.0,1850,3,0.0
brigade xanadu,"mogappair, 
·
rera",117.0,1291,2,4.0
scc homes,mugalivakkam,72.0,992,2,0.0
scc homes,perumanttunallur,75.0,900,3,0.0
scc homes,kilpauk,165.0,1210,3,0.0
sri sai flats,chitlapakkam,83.11,1120,3,0.0
lifestyle podium,"t nagar, 
·
rera",490.00000000000006,2133,2,0.0
new flat,ayyapakkam,41.99,841,2,0.0
new flats,ayyapakkam,43.9,878,2,0.0
new flat,ayyapakkam,42.2,844,2,0.0
"guduvancheri, chennai, chennai south",guduvancheri,54.9,1300,2,0.0
"guduvancheri, chennai, chennai south",guduvancheri,58.0,1025,2,0.0
alankar horizon,"camp road, selaiyur",110.00000000000001,1730,3,0.0
on request,madhavaram,122.0,1738,3,0.0
livehomes,kovilambakkam,117.0,1450,3,0.0
vishnu sky towers,madambakkam,139.0,1986,4,0.0
sri sai flats,chitlapakkam,84.5,1155,3,0.0
new flat,kolathur,41.56,681,2,0.0
new flat,kolathur,41.59,680,2,0.0
vinayagaburam,kolathur,43.16,704,2,0.0
vinayagaburam,kolathur,43.11,705,2,0.0
vinayagaburam,kolathur,41.47,682,2,0.0
srb builders,"sankarapuram, sithalapakkam",50.65,887,2,0.0
"perungalathur, chennai, chennai south",perungalathur,136.0,1200,3,0.0
"perungalathur, chennai, chennai south",perungalathur,118.0,1100,3,0.0
navins hillview avenue,thirumudivakkam,44.0,615,2,3.7
navins hillview avenue,thirumudivakkam,44.4,615,2,3.7
keerthi homes,iyyappanthangal,77.98,1186,3,0.0
keerthi homes,iyyappanthangal,77.95,1186,3,0.0
shriram park 63,"perungalathur, 
·
rera",148.0,1970,3,3.8
on request,medavakkam,62.5,1027,2,0.0
shriram park 63,"perungalathur, 
·
rera",138.0,1840,3,3.8
"kovur, chennai, chennai west",kovur,125.0,1050,3,0.0
"kolathur, chennai, chennai north",kolathur,85.0,600,3,0.0
brigade xanadu,"mogappair, 
·
rera",112.00000000000001,1062,2,4.0
122 west by shriram,mangadu,71.85,1283,3,0.0
navganesh eminent,ayakapuram,50.08,795,2,0.0
on requested,kolathur,52.48,833,2,0.0
navins hanging gardens,"valasaravakkam, 
·
rera",130.0,1005,2,3.8
ramaniyam ocean dew,"pallikaranai, 
·
rera",140.0,1420,3,0.0
on request,kovur,73.94,1276,3,0.0
happy homes,"banu nagar, ambattur",60.44,934,2,0.0
alankar horizon,east tambaram,83.17,1210,2,0.0
adroit house of ambal,"anna salai, 
·
rera",345.0,1723,3,0.0
adroit house of ambal,"anna salai, 
·
rera",250.0,1232,2,0.0
sai mugil,chitlapakkam,107.0,1647,3,0.0
on request,guduvancheri,40.0,960,2,0.0
on request,guduvancheri,38.0,950,2,0.0
"guduvancheri, chennai, chennai south",guduvancheri,46.0,798,2,0.0
"guduvancheri, chennai, chennai south",guduvancheri,45.95,800,2,0.0
urbanrise codename new porur,thirumazhisai,49.14,730,2,0.0
tambaram,tambaram,119.0,1163,3,0.0
new flat,kolathur,50.8,796,2,0.0
vinayagaburam,kolathur,50.0,794,2,0.0
marutham neptune,"koyambedu, 
·
rera",193.0,1846,4,0.0
alankar vridhi villa,"mappedu, selaiyur",125.0,1163,3,0.0
vishnu manor flats,"padmavathi nagar,madambakkam",62.76,884,2,0.0
lakshya,perungudi,83.61,961,2,0.0
hi living evita,madhavaram,75.0,962,2,0.0
vinayagaburam,kolathur,49.9,790,2,0.0
new flat,kolathur,43.04,706,2,0.0
vinayagaburam,kolathur,43.12,707,2,0.0
vinayagaburam,kolathur,41.6,681,2,0.0
new flat,kolathur,41.65,682,2,0.0
hansa one oh one,"nungambakkam, 
·
rera",350.0,1606,3,0.0
hansa one oh one,"nungambakkam, 
·
rera",352.0,1772,3,0.0
p t,"moovarasanpet, madipakkam",88.66,1364,3,0.0
akb solitaire,"mappedu, selaiyur",120.0,963,3,0.0
dharman's divine,"sankarapuram, sithalapakkam",57.49,1045,2,0.0
"agaram, thiruvanchery","thiruvanchery , selaiyur",119.0,1163,3,0.0
ss amaira,"thiruvanmiyur, 
·
rera",409.99999999999994,2031,3,0.0
livehomes,chitlapakkam,91.44,1168,3,0.0
prem enclave,valasaravakkam,92.52,983,2,0.0
vgk sri sai enclave,"west tambaram,  south",61.0,1045,2,0.0
brigade xanadu,"mogappair, 
·
rera",210.0,1877,3,4.0
navganesh eminent,kolathur,50.08,796,2,0.0
"guduvancheri, chennai, chennai south",guduvancheri,68.0,900,2,0.0
"thaiyur, omr, chennai south","thaiyur, omr",71.6,1200,2,0.0
new flats,kolathur,85.75,1203,3,0.0
"rose flats, jawahar nagar, perambur","jawahar nagar, perambur",85.6,960,2,0.0
scc homes,porur,77.84,960,2,0.0
livehomes,avadi,46.41,844,2,0.0
on request,"vengaivasal, medavakkam",60.09,1015,2,0.0
"propguider,exurb","thiruporur, omr",18.0,395,1,0.0
scc homes,nanmangalam,71.29,1066,2,0.0
scc homes,nanmangalam,39.44,576,1,0.0
new perunagalathur,"new perungalathur, perungalathur",119.0,1163,3,0.0
sri smiley house,perambur,75.0,759,2,0.0
casagrand pavilion,"thalambur, omr",87.0,1000,2,3.8
new flat,ambattur,83.56,1440,3,0.0
new flat,ambattur,53.9,932,2,0.0
"kovur, chennai, chennai west",kovur,95.0,789,3,0.0
"kundrathur, chennai, chennai south",kundrathur,78.0,640,2,0.0
new flat,kolathur,41.63,682,2,0.0
new flat,kolathur,43.1,709,2,0.0
vinayagaburam,kolathur,43.18,708,2,0.0
navins hanging gardens,"valasaravakkam, 
·
rera",135.0,1012,2,3.8
navganesh eden,kolathur,43.13,707,2,0.0
new flat,kolathur,50.0,795,2,0.0
ramkhar homes's subha graha,"virugambakkam, arcot road",93.1,980,2,0.0
brigade xanadu,"mogappair, 
·
rera",135.0,1288,3,4.0
"kundrathur, chennai, chennai south",kundrathur,92.0,1050,2,0.0
"guduvancheri, chennai, chennai south",guduvancheri,81.95,1000,3,0.0
golden opulence,poonamallee,104.0,1442,3,4.2
"mappedu, selaiyur, chennai south","mappedu, selaiyur",119.0,1163,3,0.0
scc homes,"saidapet, gst road",90.16,760,2,0.0
alankar vridhi villa,tambaram,125.0,1163,3,0.0
on request,thirumazhisai,59.78,1063,3,0.0
spr osian chlorophyll,"porur, 
·
rera",150.0,1757,3,4.0
lumina,guduvancheri,49.9,925,2,0.0
on request,koyambedu,133.0,1517,3,0.0
"thangappapuram, perumanttunallur, chennai, chennai south","thangappapuram, perumanttunallur",83.0,1000,3,0.0
on request,t nagar,55.0,660,2,0.0
"kanathur, ecr, chennai south","kanathur, ecr",150.0,1300,4,0.0
"kolathur, chennai, chennai north",kolathur,150.0,1200,5,0.0
aishwaryam majestica,,72.0,1141,3,0.0
sree roop kamal apartments,choolai,50.0,800,2,0.0
urbanrise revolution one,,24.25,361,1,0.0
new flat,kolathur,43.75,682,2,0.0
p t,perungudi,114.99999999999999,1275,3,0.0
p t,"moovarasanpet, madipakkam",83.62,1248,3,0.0
urbanrise revolution one,,45.0,636,2,0.0
kaveri flats,"z block anna nagar, anna nagar west",260.0,1250,3,0.0
homes royale,"astalakshmi nagar, valasaravakkam",77.0,917,2,0.0
scc homes,chitlapakkam,86.32,1155,3,0.0
hiranandani parks,"oragadam, 
·
rera",90.0,1859,3,4.5
aditi venus,,54.0,871,2,0.0
p t,"moovarasanpet, madipakkam",85.0,1248,3,0.0
p t,"moovarasanpet, madipakkam",91.0,1364,3,0.0
"gerugambakkam, chennai, chennai west",gerugambakkam,90.0,810,3,0.0
scc homes,velachery,129.0,1500,3,0.0
shantiniketan vega,,32.0,827,2,0.0
seaside apartment,"kanathur, ecr",75.0,1200,2,0.0
"guduvancheri, chennai, chennai south",guduvancheri,45.0,640,2,0.0
urbanrise codename new porur,"thirumazhisai, 
·
rera",49.14,849,2,3.8
urbanrise codename new porur,"thirumazhisai, 
·
rera",51.22,885,3,3.8
"kovur, chennai, chennai west",kovur,82.0,660,3,0.0
stone and acres atmos phase 2,"madambakkam, 
·
rera",99.0,1500,3,0.0
"thalambur, omr, chennai south","thalambur, omr",76.0,1200,2,0.0
brigade xanadu,"mogappair, 
·
rera",129.0,1364,3,4.0
new flats,chitlapakkam,83.5,1250,3,0.0
"aishwarya apartments, vadapalani","kumaran colony, gst road",52.0,640,2,0.0
new flats,"puzhuthivakkam, madipakkam",126.0,1418,3,0.0
tvh quadrant,"adyar, 
·
rera",450.0,2235,3,3.6
scc homes,mugalivakkam,68.65,913,2,0.0
casagrand first city,"ganallur, 
·
rera",73.0,985,2,3.9
krishna garden,,83.0,890,3,0.0
scc homes,"virugambakkam, arcot road",120.0,1123,2,0.0
"sai mukesh keerthi,new flat",kattupakkam,69.9,1186,3,0.0
"mukesh keerthi homes,new",iyyappanthangal,56.1,951,2,0.0
shriram park 63,"perungalathur, 
·
rera",100.0,1385,2,3.8
casagrand utopia,,140.0,1580,3,0.0
dharman's divine,"sankarapuram, sithalapakkam",57.48,1045,2,0.0
scc homes,west mambalam,218.00000000000003,1600,3,0.0
rl royal homes,"tirumalai nagar, perungudi",99.0,940,2,0.0
pacifica pride towers,"padur, 
·
rera",89.0,1468,3,3.7
on request,"defence colony, gst road",250.0,1735,3,0.0
scc homes,alwarpet,211.0,1267,3,0.0
doshi oriana,perungudi,85.0,1235,2,0.0
scc homes,mugalivakkam,68.5,1283,2,0.0
rkc pride,kolathur,78.0,1000,2,0.0
"guduvancheri, chennai, chennai south",guduvancheri,46.0,800,2,0.0
"perumbakkam, chennai, chennai south",perumbakkam,99.0,955,3,0.0
on request,"west tambaram,  south",55.0,986,2,0.0
on request,"west tambaram,  south",55.0,1011,2,0.0
sri sai garden,perumbakkam,110.00000000000001,1000,3,0.0
"guduvancheri, chennai, chennai south",guduvancheri,60.0,1150,2,0.0
"potheri, kattankulathur, chennai south","potheri, kattankulathur",39.0,920,2,0.0
scc homes,"vandalur, gst road",49.94,1020,2,0.0
brigade xanadu,"mogappair, 
·
rera",110.00000000000001,1062,2,4.0
sidharth crown,"madhavaram, 
·
rera",46.0,586,1,0.0
appaswamy habitat,siruseri,78.0,1244,2,0.0
felicity flats,"ullagaram, madipakkam",126.0,1418,3,0.0
golden opulence,poonamallee,45.0,691,2,4.2
brigade xanadu,mogappair west,204.99999999999997,1878,3,0.0
"selaiyur, chennai, chennai south",selaiyur,119.0,1163,3,0.0
scc homes,"kuberan nagar, madipakkam",67.52,910,2,0.0
alankar vridhi villa,east tambaram,125.0,1163,3,0.0
"perungalathur, chennai, chennai south",perungalathur,136.0,1250,3,0.0
on request,koyambedu,153.0,1737,4,0.0
marutham neptune,"koyambedu, 
·
rera",160.0,1471,3,0.0
"baba foundations, madipakkam, chennai","senthuran colony, madipakkam",60.0,1172,2,0.0
urbanrise revolution one,"padur, 
·
rera",59.0,888,2,0.0
"thaiyur, omr, chennai south","thaiyur, omr",80.0,865,3,0.0
"uthandi, ecr, chennai south","uthandi, ecr",349.0,1600,4,0.0
on request,guduvancheri,29.0,540,1,0.0
on request,alwarpet,379.0,1600,3,0.0
livehomes,kundrathur,48.42,914,2,0.0
livehomes,vanagaram,59.74,937,2,0.0
on request,kovur,50.0,760,2,0.0
vishnu sky towers,madambakkam,78.68,1124,3,0.0
livehomes,perumbakkam,53.91,856,2,0.0
livehomes,nandanam,211.0,1279,3,0.0
lml arshiya,"kattupakkam, 
·
rera",69.0,992,2,0.0
pacifica pride towers,"padur, 
·
rera",70.0,1147,2,3.7
pacifica pride towers,"padur, 
·
rera",75.0,1265,2,3.7
vgk summer garden,"vengaivasal, medavakkam
·
rera",86.8,1400,3,0.0
"kayarambedu, chennai, chennai south",kayarambedu,75.0,880,3,0.0
"kayarambedu, chennai, chennai south",kayarambedu,67.0,800,3,0.0
"kayarambedu, chennai, chennai south",kayarambedu,76.0,870,3,0.0
new flat,ayanambakkam,53.9,931,2,0.0
pacifica aurum,"padur, 
·
rera",75.0,1261,2,3.8
risland the ace,"perungudi, 
·
rera",135.0,1187,2,0.0
new flat,kolathur,41.69,680,2,0.0
abhiramapuram 2bhk flat no lift,abhiramapuram,110.00000000000001,820,2,0.0
vinayagaburam,kolathur,41.63,682,2,0.0
"kattupakkam, chennai, chennai west",kattupakkam,160.0,1200,3,0.0
"kovur, chennai, chennai west",kovur,110.00000000000001,1350,2,0.0
sri sai villas,perumbakkam,143.0,1800,4,0.0
tvs emerald greenacres,"kolapakkam,vandalur kelambakkam road, 
·
rera",95.0,1275,3,3.7
shri sai garden,perumbakkam,98.0,1200,3,0.0
sri sai villas,perumbakkam,96.0,1200,3,0.0
sri sai resident,perumbakkam,98.0,900,3,0.0
saradeuz paradise,,75.0,1275,3,0.0
jayam sri sai garden hill view,"perumbakkam, 
·
rera",85.2,1000,2,0.0
gemini aster,"thalambur, omr
·
rera",49.9,980,2,0.0
arun excello heights,oragadam,34.9,985,2,0.0
"red hills, chennai, chennai north",red hills,31.96,601,1,0.0
"perungavoor, chennai, chennai north",perungavoor,31.95,600,1,0.0
new flat,kolathur,43.0,702,2,0.0
arihant panache,"mangali nagar, arumbakkam",243.00000000000003,1826,3,0.0
casagrand pavilion,"thalambur, omr",84.0,1020,2,3.8
new flat,ayappakkam,56.14,968,2,0.0
hi living evita,madhavaram,83.0,1155,3,0.0
vijay shanthi lotus pond,kelambakkam,48.0,1155,3,3.6
kg house of champions,"perumbakkam, 
·
rera",50.0,817,2,0.0
kg house of champions,"perumbakkam, 
·
rera",47.0,796,2,0.0
sss jayam homes,,87.0,900,2,0.0
steps stone vatsa,kattupakkam,65.0,974,2,0.0
happy homes,kolathur,84.68,1161,3,0.0
"bharathi nagar,ayanavaram, chennai, chennai north","bharathi nagar,ayanavaram",220.00000000000003,820,6,0.0
shriram park 63,"perungalathur, 
·
rera",129.0,1725,3,3.8
shriram park 63,"perungalathur, 
·
rera",104.0,1385,3,3.8
new flat,kolathur,41.48,680,2,0.0
purva somerset house,"dy,  south
·
rera",459.99999999999994,3739,4,3.4
hiranandani sinovia,"egattur, omr",199.0,1740,3,0.0
jayam sri sai garden hill view,"perumbakkam, 
·
rera",135.0,1800,4,0.0
dhanalaxmi homes,nanganallur,192.0,1746,3,0.0
on request,perungalathur,86.58,1204,3,0.0
on request,perungalathur,91.35,1278,3,0.0
mega apartment,"od garden, kolapakkam",66.0,1132,2,0.0
sri sai resident,perumbakkam,99.0,1000,4,0.0
victoria towers,"kazhipattur, omr",95.0,1985,3,0.0
tower of adyar by nahar,"adyar, 
·
rera",374.0,2416,4,3.9
tower of adyar by nahar,"adyar, 
·
rera",374.0,2419,4,3.9
"adyar, chennai, chennai south",adyar,357.0,1948,3,0.0
jayam sri sai garden hill view,"perumbakkam, 
·
rera",97.0,1400,3,0.0
jayam sri sai garden hill view,"perumbakkam, 
·
rera",96.6,1200,3,0.0
jayam sri sai garden hill view,"perumbakkam, 
·
rera",88.0,1000,3,0.0
on request,thirumazhisai,59.78,1065,3,0.0
"maduravoyal, chennai, chennai west",maduravoyal,,3120,3,0.0
ruby residency,"irumbuliyur, west tambaram",45.0,804,2,0.0
"kundrathur, chennai, chennai south",kundrathur,125.0,800,3,0.0
ramcons dominion,nungambakkam,265.0,1658,3,0.0
isha shubham,perungalathur,65.0,966,2,0.0
isha shubham,perungalathur,83.0,1495,3,0.0
shriram park 63,"perungalathur, 
·
rera",129.0,1225,2,3.8
"moulivakkam, chennai, chennai west",moulivakkam,120.0,880,6,0.0
radiance empire,"perambur, 
·
rera",85.0,940,2,3.9
"lakshmi apartment, velachery","bhuvaneshwari nagar, velachery",82.0,831,2,0.0
eta globevill,sriperumbudur,60.0,1302,3,3.8
"62nd street, 10th sector","kk nagar, gst road",175.0,880,5,0.0
on request,"padhuvancherry, madambakkam",35.0,702,2,0.0
nakoda enclave,"jawahar nagar, perambur",110.00000000000001,1090,3,0.0
appaswamy platina,porur,204.99999999999997,1708,3,4.3
"madipakkam, chennai, chennai south",madipakkam,63.0,895,2,0.0
"kodambakkam, gst road, chennai south","kodambakkam, gst road",125.0,940,2,0.0
palms prudential,thiruverkadu,60.0,1157,3,0.0
tdc jayam,"nehru nagar,chromepet",95.0,1380,3,0.0
vishranthi coconut grove,velachery,300.0,1748,3,0.0
casagrand urbano phase 1,ponmar,110.00000000000001,1600,3,0.0
on request,"padhuvancherry, madambakkam",31.7,634,2,0.0
on request,ponmar,35.0,700,2,0.0
"mukesh flats,new flat",iyyappanthangal,69.95,1186,3,0.0
rp mahalaxmi,valasaravakkam,70.0,875,2,0.0
venture allset castle,kottivakkam,165.0,1504,3,0.0
vjs ashraya,medavakkam,78.0,1295,3,0.0
on request,"padhuvancherry, madambakkam",33.2,664,2,0.0
sharvam,thoraipakkam,65.0,1235,3,0.0
apartment,medavakkam,66.0,1003,2,0.0
"thalambur, omr, chennai south","thalambur, omr",73.81,1200,2,0.0
on request,sithalapakkam,33.0,708,2,0.0
srb ruby homes,perambur,80.0,1078,3,0.0
prestige bella vista,porur,190.0,1990,3,4.3
new flat,kolathur,50.0,791,2,0.0
"navalur, chennai, chennai south",navalur,69.0,900,2,0.0
"perumbakkam, chennai, chennai south",perumbakkam,78.3,1200,3,0.0
sri sai resident,perumbakkam,83.68,900,3,0.0
casagrand pavilion,"thalambur, omr",88.0,900,3,3.8
sri sai garden,perumbakkam,83.62,1000,3,0.0
sri sai resident,perumbakkam,86.45,923,3,0.0
vasantha flats,madipakkam,65.0,1050,3,0.0
kars investment,"kodambakkam, gst road",125.0,1200,3,0.0
"kovur, chennai, chennai west",kovur,78.0,800,2,0.0
lalitham apartments,perungudi,64.06,942,2,0.0
stepsstone madhav,nanmangalam,28.0,530,1,0.0
"block 10 jj nagar, mogappair, chennai north","block 10 jj nagar, mogappair",65.0,468,3,0.0
lancor infinys,"keelkattalai, 
·
rera",106.0,1115,3,0.0
apartment,velachery,118.0,1275,3,0.0
papa builder,adambakkam,96.47,877,2,0.0
"kanathur, ecr, chennai south","kanathur, ecr",225.0,2560,5,0.0
"gerugambakkam, chennai, chennai west",gerugambakkam,87.0,940,2,0.0
"vgp selva nagar extension, velachery, chennai south","vgp selva nagar extension, velachery",58.0,895,2,0.0
"kovur, chennai, chennai west",kovur,75.0,810,2,0.0
new flat,kolathur,50.0,796,2,0.0
"potheri, kattankulathur, chennai south","potheri, kattankulathur",36.5,850,2,0.0
"guduvancheri, chennai, chennai south",guduvancheri,43.0,910,2,0.0
uthandi seaside,"uthandi, ecr",125.0,1600,3,0.0
new flat,kolathur,50.07,790,2,0.0
"potheri, kattankulathur, chennai south","potheri, kattankulathur",36.0,800,2,0.0
kg house of champions,"perumbakkam, 
·
rera",45.0,796,2,0.0
"guduvancheri, chennai, chennai south",guduvancheri,42.5,910,2,0.0
"guduvancheri, chennai, chennai south",guduvancheri,54.95,1005,2,0.0
"royal flat,new","svs nagar, valasaravakkam",79.0,917,2,0.0
anry homes,"radha avenue, valasaravakkam",76.56,880,2,0.0
"potheri, kattankulathur, chennai south","potheri, kattankulathur",40.0,995,2,0.0
saai mugil,chitlapakkam,107.0,1647,3,0.0
happy homes,kolathur,84.68,1160,3,0.0
"kolathur, chennai, chennai north",kolathur,122.0,1175,3,0.0
"vaani garden , anbzhagan street , ambattur","vijayalakshmi puram, ambattur",51.0,838,2,0.0
anchinaiyar koil nr,mylapore,65.0,830,2,0.0
"kottivakkam, chennai, chennai south",kottivakkam,90.0,1327,3,0.0
vishnu aravind villas,"mappedu, selaiyur",85.0,1506,3,0.0
vijay shanthi lotus pond,kelambakkam,12.5,410,1,3.6
hiranandani parks,"oragadam, 
·
rera",75.0,2256,3,4.5
brigade xanadu,"mogappair, 
·
rera",175.0,1657,3,4.0
kg signature city,mogappair west,75.0,1110,3,3.9
"yadavi flat,new flat",adambakkam,86.0,882,2,0.0
"mukesh keerthi home, iyyapanthangal",porur,69.8,1188,3,0.0
"guduvancheri, chennai, chennai south",guduvancheri,58.0,1100,2,0.0
"guduvancheri, chennai, chennai south",guduvancheri,35.0,900,2,0.0
"guduvancheri, chennai, chennai south",guduvancheri,32.0,800,2,0.0
"kundrathur, chennai, chennai south",kundrathur,57.5,468,2,0.0
brigade xanadu,"mogappair, 
·
rera",160.0,1880,3,4.0
brigade xanadu,"mogappair, 
·
rera",100.0,1270,2,4.0
ashirvaadh homes,"bharathi nagar, west tambaram",32.0,787,2,0.0
mandaveli on main road nr bss hospital,mandaveli,120.0,900,2,0.0
subiksham flat new,keelkattalai,66.0,943,2,0.0
mm triumph,madipakkam,57.0,1147,2,0.0
amarprakash the royal castle,,29.51,639,2,0.0
scc homes,chromepet,66.03,985,2,0.0
evergreen homes,kovur,70.0,721,2,0.0
mahalaxmi nagar,mangadu,52.0,600,2,0.0
livehomes,anna nagar,137.0,1098,2,0.0
scc homes,west mambalam,150.0,1380,3,0.0
livehomes,alwarpet,211.0,1279,3,0.0
"clover villa,new villa",pallikaranai,85.0,735,4,0.0
arun excello hari priya,"guduvancheri, 
·
rera",19.0,390,1,0.0
"propguider,jubilee residences",guduvancheri,18.96,480,1,0.0
emerald enclave,"janakiraman colony, villivakkam",40.0,753,2,0.0
"padappai, chennai, chennai south",padappai,32.0,800,2,0.0
"guduvancheri, chennai, chennai south",guduvancheri,55.0,1010,2,0.0
"guduvancheri, chennai, chennai south",guduvancheri,35.9,800,2,0.0
"potheri, kattankulathur, chennai south","potheri, kattankulathur",40.0,1100,2,0.0
tdc lifespace,"viduthalai nagar, kovilambakkam",58.0,1210,3,0.0
arc residency,royapettah,75.0,720,2,0.0
jayam sri sai dual avenue,"navalur, 
·
rera",90.0,1401,3,0.0
"navalur, chennai, chennai south",navalur,78.0,1020,2,0.0
golden opulence,poonamallee,85.0,1490,3,4.2
mukesh keerthi flat,iyyappanthangal,56.0,950,2,0.0
"east tambaram, chennai, chennai south",east tambaram,119.0,1163,3,0.0
"camp road, selaiyur, chennai south","camp road, selaiyur",119.0,1163,3,0.0
"gerugambakkam, chennai, chennai west",gerugambakkam,88.0,940,2,0.0
mahalakshmi nagar,mangadu,110.00000000000001,1200,5,0.0
"gerugambakkam, chennai, chennai west",gerugambakkam,64.0,600,2,0.0
"guduvancheri, chennai, chennai south",guduvancheri,37.0,1000,2,0.0
urbanrise revolution one,"padur, 
·
rera",36.0,525,1,0.0
doshi euphoria,perungudi,63.9,785,2,3.5
doshi euphoria,perungudi,40.0,415,1,3.5
doshi risington,"karapakkam, omr",85.0,1024,2,0.0
silver palm apartments,padi,71.68,1024,3,0.0
livehomes,keelkattalai,74.23,990,2,0.0
scc homes,kilpauk,165.0,1204,3,0.0
scc homes,kilpauk,127.0,977,3,0.0
scc homes,kilpauk,145.0,1120,3,0.0
"guduvancheri, chennai, chennai south",guduvancheri,29.0,600,1,0.0
livehomes,old pallavaram,64.65,995,2,0.0
scc homes,kilpauk,139.0,979,2,0.0
livehomes,mugalivakkam,68.0,913,2,0.0
livehomes,porur,58.72,816,2,0.0
livehomes,ponmar,89.0,1690,3,0.0
praveen vetrivela,west mambalam,50.0,750,2,0.0
livehomes,"west tambaram,  south",74.0,1560,3,0.0
livehomes,periyar nagar,96.73,1075,2,0.0
tvh svasti,thoraipakkam,80.0,1085,2,0.0
"mugalivakkam, chennai, chennai west",mugalivakkam,180.0,1000,3,0.0
vgn fairmont,"dy,  south",171.0,1712,3,0.0
"sai villas, thaiyur, omr","thaiyur, omr",35.0,700,2,0.0
"sai gokul avenue, kelambakkam, chennai",kelambakkam,40.0,900,2,0.0
vikas vibhav,gerugambakkam,70.0,600,2,0.0
"sai gokul avenue, thiruporur, omr","thiruporur, omr",48.0,1000,3,0.0
livehomes,t nagar,409.0,1950,3,0.0
venture allset castle,,165.0,1504,3,0.0
arunsa flats,"apuram, chromepet",68.14,934,2,0.0
purvankara swan lake,padur,88.0,1740,3,0.0
tdc best,"ram nagar, madipakkam",55.0,970,2,0.0
"thirumullaivoyal, chennai, chennai north",thirumullaivoyal,175.0,2400,3,0.0
dra d elite,ganallur,74.05,1058,2,0.0
chellappa flats,purasaiwakkam,52.9,605,2,0.0
chellappa flats,purasaiwakkam,91.8,1080,3,0.0
"guduvancheri, chennai, chennai south",guduvancheri,46.0,833,2,0.0
"guduvancheri, chennai, chennai south",guduvancheri,42.9,1050,2,0.0
"guduvancheri, chennai, chennai south",guduvancheri,105.0,1200,3,0.0
eta rosedale,padur,75.0,1631,3,0.0
mahalakshmi flats,"anbu nagar, valasaravakkam",76.0,1223,3,0.0
"mangadu, chennai, chennai west",mangadu,57.0,720,2,0.0
pacifica aurum,"padur, 
·
rera",85.0,1463,3,3.8
pacifica aurum,"padur, 
·
rera",85.0,1468,3,3.8
kg house of champions,"perumbakkam, 
·
rera",46.0,835,2,0.0
on requst,valasaravakkam,123.0,1380,3,0.0
on request,"kamakshi nagar, valasaravakkam",130.0,1465,3,0.0
dhanalakshmi nagar,iyyappanthangal,90.0,831,2,0.0
ramaniyam maanas,,100.0,952,2,0.0
sri sai garden,perumbakkam,82.23,1000,3,0.0
"gerugambakkam, chennai, chennai west",gerugambakkam,95.0,1200,2,0.0
on request,"velan nagar, valasaravakkam",75.0,917,2,0.0
on request,"alwarthirunagar, valasaravakkam",79.0,975,2,0.0
on request,"velan nagar, valasaravakkam",99.0,1260,3,0.0
on request,"velan nagar, valasaravakkam",98.0,1206,3,0.0
samanta,"gaperumal koil, gst road",24.9,530,1,0.0
prince village phase 1,tondiarpet,65.0,790,2,3.5
"kovur, chennai, chennai west",kovur,69.0,720,2,0.0
"mangadu, chennai, chennai west",mangadu,80.0,600,3,0.0
vgn ernest,avadi,46.0,510,1,3.8
jr annai construction,ponmar,45.0,1049,3,0.0
"navalur, chennai, chennai south",navalur,88.0,1200,3,0.0
sri sai villas,perumbakkam,105.0,1400,3,0.0
shanti enclave,madipakkam,55.0,947,2,0.0
"sendurpuram, kattupakkam, chennai west","sendurpuram, kattupakkam",135.0,856,3,0.0
lake vista's,pallikaranai,70.0,1000,2,0.0
marg pushpadruma,"thiruporur, omr",31.0,972,3,0.0
gemini aster,"thalambur, omr
·
rera",41.9,980,2,0.0
gemini aster,"thalambur, omr
·
rera",54.9,1260,3,0.0
gemini aster,"thalambur, omr
·
rera",37.9,870,2,0.0
gemini aster,"thalambur, omr
·
rera",35.9,840,2,0.0
"agaram, perambur, chennai north","agaram, perambur",59.0,1150,2,0.0
sangamithra avenue,guduvancheri,50.0,1050,2,0.0
"mugalivakkam, chennai, chennai west",mugalivakkam,120.0,1155,2,0.0
"minjur, chennai, chennai north",jur,38.0,1918,2,0.0
new apartment,medavakkam,75.0,1133,3,0.0
new apartment,rajakilpakkam,85.0,1326,3,0.0
new apartment,sembakkam,84.0,1325,3,0.0
jayam sri sai garden hill view,"perumbakkam, 
·
rera",77.5,900,2,0.0
casagrand pavilion,"thalambur, omr",79.5,1050,2,3.8
prem enclave,"anbu nagar, valasaravakkam",83.56,880,2,0.0
gandhi nagar,adyar,150.0,816,2,0.0
prema,chitlapakkam,81.0,1248,3,0.0
sri sai garden hill view,"perumbakkam, 
·
rera",84.5,1000,3,0.0
"sudarshan flats, radha nagar",chromepet,60.0,801,2,0.0
jayam sri sai garden hill view,"perumbakkam, 
·
rera",73.21,950,2,0.0
plaza elite acres,"perumbakkam, 
·
rera",39.9,637,2,0.0
plaza elite acres,"perumbakkam, 
·
rera",39.5,627,2,0.0
srb coral house,perambur,79.95,1066,3,0.0
new flat,kolathur,41.85,685,2,0.0
vijayasree sanjeevi apartments,thoraipakkam,45.0,731,2,0.0
"vettuvankeni, ecr, chennai south","vettuvankeni, ecr",260.0,2300,4,0.0
ttm lotus avenue,,34.0,700,2,0.0
on request,guduvancheri,32.9,618,2,0.0
revolution one,padur,43.9,663,2,0.0
shirdi graha,west mambalam,88.0,1000,2,0.0
casagrand luxeria,"navalur, 
·
rera",235.0,2241,4,0.0
"red hills, chennai, chennai north",red hills,41.86,1000,2,0.0
"red hills, chennai, chennai north",red hills,31.85,601,1,0.0
"grt apartment, 3rd avenue","banu nagar, ambattur",47.0,841,2,0.0
new flat,kolathur,43.12,703,2,0.0
vijay raja exurb,,25.0,515,2,3.6
"akshara apartment, nallathambi nagar","ranganathapuram, medavakkam",50.0,905,2,0.0
emami tejomaya,"navalur, 
·
rera",96.0,1158,2,4.0
kg house of champions,"perumbakkam, 
·
rera",49.0,840,2,0.0
ceebros sankalp,alwarpet,395.0,1860,3,0.0
kg house of champions,"perumbakkam, 
·
rera",50.0,835,2,0.0
steps stone vatsa,kattupakkam,72.0,1055,3,0.0
122 west by shriram,mangadu,47.6,850,2,0.0
raj palani residency,"dhandeeswaram, velachery",177.0,1576,3,0.0
shriram park 63,"perungalathur, 
·
rera",160.0,2135,4,3.8
fair field,kilpauk,209.0,1430,3,0.0
navganesh eden,"ayagapuram, ambattur",41.66,683,2,0.0
"purasaiwakkam, chennai, chennai central",purasaiwakkam,110.00000000000001,1197,6,0.0
"sembakkam, chennai, chennai south",sembakkam,190.0,1740,4,0.0
on request,kolathur,41.66,683,2,0.0
shriram park 63,"perungalathur, 
·
rera",85.13,1135,2,3.8
"iyyappanthangal, chennai, chennai west",iyyappanthangal,90.0,1270,3,0.0
livehomes,adyar,227.0,1390,3,0.0
livehomes,pallikaranai,58.7,995,2,0.0
"1st floor, karthick nest",t nagar,90.0,900,2,0.0
dwaraka flats,adambakkam,84.19,842,2,0.0
dwaraka flats,adambakkam,109.00000000000001,1093,3,0.0
srb ruby homes,perambur,74.0,987,2,0.0
"poonamallee, chennai, chennai west",poonamallee,56.5,500,2,0.0
urbando orion,adambakkam,138.0,1114,3,0.0
maharani maaligai,mogappair west,55.0,786,2,0.0
livehomes,madipakkam,69.2,815,2,0.0
kanish villa,"kodambakkam, gst road",62.0,3600,2,0.0
vgk sai hardik,"east tambaram, 
·
rera",55.0,1228,2,0.0
fomra hues,"porur, 
·
rera",114.99999999999999,1525,3,4.0
featherlite vaikuntam,guduvancheri,75.0,1317,3,3.9
tower of adyar by nahar,"adyar, 
·
rera",330.0,2380,4,3.9
sri sai resident,perumbakkam,89.0,1000,3,0.0
madhav apartments,"balaji nagar, royapettah",90.0,750,2,0.0
jains brindavan,west mambalam,85.0,880,2,0.0
jayam sri sai garden hill view,"perumbakkam, 
·
rera",96.0,1400,3,0.0
livehomes,kottivakkam,94.44,969,2,0.0
livehomes,adambakkam,92.61,842,2,0.0
livehomes,adambakkam,120.0,1093,3,0.0
livehomes,anna nagar west,214.0,1300,3,0.0
"swathi apartment, appar street extension","new perungalathur, perungalathur",45.0,1116,2,0.0
livehomes,west mambalam,149.0,1076,3,0.0
"avadi, chennai, chennai north",avadi,36.4,800,2,0.0
"gerugambakkam, chennai, chennai west",gerugambakkam,88.0,800,3,0.0
"avadi, chennai, chennai north",avadi,54.9,1200,3,0.0
"kattupakkam, chennai, chennai west",kattupakkam,145.0,1140,3,0.0
excel vijay jagat,thoraipakkam,55.0,820,2,0.0
shri vana durga apartment,madambakkam,60.0,1241,2,0.0
shri vana durga apartment,madambakkam,28.0,617,1,0.0
s c giri homes,korattur,47.0,1000,3,0.0
amarprakash palm riviera chennai,thirumudivakkam,53.0,1316,3,0.0
